<?xml version="1.0" encoding="UTF-8"?>
<beans xmlns="http://www.springframework.org/schema/beans"
       xmlns:xsi="http://www.w3.org/2001/XMLSchema-instance"
       xmlns:context="http://www.springframework.org/schema/context"
       xmlns:p="http://www.springframework.org/schema/p"
       xsi:schemaLocation="
           http://www.springframework.org/schema/beans
           http://www.springframework.org/schema/beans/spring-beans-3.2.xsd
           http://www.springframework.org/schema/context
           http://www.springframework.org/schema/context/spring-context-3.2.xsd">


    <context:component-scan base-package="springmvc.devicemanagement.service" />
    <context:component-scan base-package="springmvc.devicemanagement.controller" />

    <!-- Factory bean that creates the Mongo instance -->
    <bean id="mongo" class="org.springframework.data.mongodb.core.MongoFactoryBean">
        <property name="host" value="localhost" />
    </bean>

    <!-- MongoTemplate for connecting and quering the documents in the database -->
    <bean id="mongoTemplate" class="org.springframework.data.mongodb.core.MongoTemplate">
        <constructor-arg name="mongo" ref="mongo" />
        <constructor-arg name="databaseName" value="deviceManagement" />
    </bean>

    <!-- Use this post processor to translate any MongoExceptions thrown in @Repository annotated classes -->
    <bean class="org.springframework.dao.annotation.PersistenceExceptionTranslationPostProcessor" />
    <bean id="jspViewResolver"
          class="org.springframework.web.servlet.view.InternalResourceViewResolver"
          p:prefix="/WEB-INF/jsp/"
          p:suffix=".jsp" />



</beans>