<beans:beans xmlns="http://www.springframework.org/schema/security"
             xmlns:beans="http://www.springframework.org/schema/beans"
             xmlns:xsi="http://www.w3.org/2001/XMLSchema-instance"
             xmlns:mvc="http://www.springframework.org/schema/mvc"
             xmlns:context="http://www.springframework.org/schema/context"
             xsi:schemaLocation="http://www.springframework.org/schema/beans
        http://www.springframework.org/schema/beans/spring-beans-4.1.xsd
        http://www.springframework.org/schema/security
        http://www.springframework.org/schema/security/spring-security-4.0.xsd
        http://www.springframework.org/schema/mvc
        http://www.springframework.org/schema/mvc/spring-mvc.xsd
        http://www.springframework.org/schema/context
        http://www.springframework.org/schema/context/spring-context.xsd
">
    <mvc:annotation-driven></mvc:annotation-driven>
    <context:component-scan base-package="springmvc.devicemanagement"></context:component-scan>

    <!--<http auto-config="true">-->
    <!--<form-login default-target-url="/listDevice" />-->
    <!--<logout invalidate-session="true" />-->

    <!--<access-denied-handler error-page="/403" />-->
    <!--</http>-->
    <http auto-config="true" use-expressions="true">
        <intercept-url pattern="/" access="hasRole('ROLE_MEMBER') or hasRole('ROLE_ADMIN') " />
        <intercept-url pattern="/api/devices/*"     access="hasRole('ROLE_ADMIN')" />
        <form-login  login-page="/login"
                     username-parameter="username"
                     password-parameter="password"
                     authentication-success-handler-ref="customSuccessHandler"
                     authentication-failure-url="/Access_Denied" />
        <!--<form-login  login-page="/login"-->
        <!--username-parameter="username"-->
        <!--password-parameter="password"-->
        <!--default-target-url="/listDevice"-->
        <!--authentication-success-handler-ref="customSuccessHandler"-->
        <!--authentication-failure-url="/Access_Denied"-->

        <!--/>-->
        <csrf disabled="true"/>
    </http>



    <!--<authentication-manager>-->
    <!--<authentication-provider>-->
    <!--<user-service>-->
    <!--<user name="admin" password="admin" authorities="ROLE_ADMIN" />-->
    <!--<user name="member" password="member" authorities="ROLE_MEMBER" />-->
    <!--</user-service>-->
    <!--</authentication-provider>-->
    <!--</authentication-manager>-->


    <authentication-manager>
        <authentication-provider user-service-ref="customUserDetailsService">
        </authentication-provider>
    </authentication-manager>

    <beans:bean id="customUserDetailsService" class="springmvc.devicemanagement.service.CustomUserDetailsService" />
    <beans:bean id="customSuccessHandler"     class="springmvc.devicemanagement.CustomSuccessHandler" />


</beans:beans>