<beans:beans xmlns="http://www.springframework.org/schema/security"
             xmlns:beans="http://www.springframework.org/schema/beans"
             xmlns:xsi="http://www.w3.org/2001/XMLSchema-instance"
             xmlns:mvc="http://www.springframework.org/schema/mvc"
             xmlns:context="http://www.springframework.org/schema/context"
             xsi:schemaLocation="http://www.springframework.org/schema/beans
        http://www.springframework.org/schema/beans/spring-beans-4.1.xsd
        http://www.springframework.org/schema/security
        http://www.springframework.org/schema/security/spring-security-4.0.xsd
        http://www.springframework.org/schema/mvc
        http://www.springframework.org/schema/mvc/spring-mvc.xsd
        http://www.springframework.org/schema/context
        http://www.springframework.org/schema/context/spring-context.xsd
">
    <mvc:annotation-driven />
    <context:component-scan base-package="springmvc.devicemanagement"></context:component-scan>


    <http auto-config="true" use-expressions="true">
        <intercept-url pattern="/api/mngt/devices"   access="hasRole('ROLE_ADMIN')" />
        <intercept-url pattern="/api/mngt/devices/*"   access="hasRole('ROLE_ADMIN')" />
        <intercept-url pattern="/api/mngt/devices/macAddress/*"   access="hasRole('ROLE_ADMIN')" />

        <form-login  login-page="/login"
                     username-parameter="username"
                     password-parameter="password"

                     authentication-success-handler-ref="customSuccessHandler"
                     authentication-failure-url="/login?error" />

        <access-denied-handler error-page="/Access_Denied"/>

        <csrf disabled="true"/>

    </http>


    <authentication-manager>
        <authentication-provider user-service-ref="customUserDetailsService">
        </authentication-provider>
    </authentication-manager>

    <beans:bean id="customUserDetailsService" class="springmvc.devicemanagement.custom.CustomUserDetailsService" />
    <beans:bean id="customSuccessHandler"     class="springmvc.devicemanagement.custom.CustomSuccessHandler" />


</beans:beans>