<?xml version="1.0" encoding="UTF-8"?>
<beans:beans xmlns="http://www.springframework.org/schema/security"
             xmlns:beans="http://www.springframework.org/schema/beans"
             xmlns:xsi="http://www.w3.org/2001/XMLSchema-instance"
             xsi:schemaLocation="http://www.springframework.org/schema/beans
        http://www.springframework.org/schema/beans/spring-beans-3.0.xsd
        http://www.springframework.org/schema/security
        http://www.springframework.org/schema/security/spring-security.xsd">

    <http auto-config="true">
        <form-login default-target-url="/listDevice" />
        <logout invalidate-session="true" />

        <access-denied-handler error-page="/403" />
    </http>

    <authentication-manager>
        <authentication-provider>
            <user-service>
                <user name="admin" password="admin" authorities="ROLE_ADMIN" />
                <user name="member" password="member" authorities="ROLE_MEMBER" />
            </user-service>
        </authentication-provider>
    </authentication-manager>

</beans:beans>