<beans xmlns="http://www.springframework.org/schema/beans"
       xmlns:xsi="http://www.w3.org/2001/XMLSchema-instance"
       xsi:schemaLocation="http://www.springframework.org/schema/beans
	http://www.springframework.org/schema/beans/spring-beans-3.0.xsd">

    <bean id="connectionFactory" class="org.apache.activemq.ActiveMQConnectionFactory">
        <property name="brokerURL" value="tcp://localhost:61616" />
    </bean>


    <bean id="jmsTemplateProducer"  class="org.springframework.jms.core.JmsTemplate">
        <property name="connectionFactory" ref="connectionFactory" />
        <property name="defaultDestinationName" value="producerQueue" />
        <property name="messageConverter" ref="deviceMessageConverter" />
    </bean>

    <bean id="springJmsDeviceProducer" class="devicemanagement.jms.SpringJmsDeviceSender">
        <property name="jmsTemplate" ref="jmsTemplateProducer" />
    </bean>


    <bean id="jmsTemplateConsumer"  class="org.springframework.jms.core.JmsTemplate">
        <property name="connectionFactory" ref="connectionFactory" />
        <property name="defaultDestinationName" value="consumerQueue" />
    </bean>

    <bean id="springJmsDeviceConsumer" class="devicemanagement.jms.SpringJmsDeviceReceive">
        <property name="jmsTemplate" ref="jmsTemplateConsumer" />
    </bean>

    <bean id="deviceMessageConverter" class="devicemanagement.jms.DeviceMessageConverter" />
    <bean id="deviceMessageListener" class="devicemanagement.jms.StatusMessageListener" />

</beans>