<beans xmlns="http://www.springframework.org/schema/beans"
       xmlns:context="http://www.springframework.org/schema/context"
       xmlns:mvc="http://www.springframework.org/schema/mvc"
       xmlns:sec="http://www.springframework.org/schema/security"
       xmlns:xsi="http://www.w3.org/2001/XMLSchema-instance"
       xsi:schemaLocation="
        http://www.springframework.org/schema/beans
        http://www.springframework.org/schema/beans/spring-beans-3.2.xsd
        http://www.springframework.org/schema/context
        http://www.springframework.org/schema/context/spring-context-3.2.xsd
        http://www.springframework.org/schema/mvc
        http://www.springframework.org/schema/mvc/spring-mvc-3.2.xsd
        http://www.springframework.org/schema/security
        http://www.springframework.org/schema/security/spring-security-4.0.xsd
 ">



    <sec:global-method-security pre-post-annotations="enabled"/>
    <context:component-scan base-package="springmvc.devicemanagement.service"/>
    <context:component-scan base-package="springmvc.devicemanagement.controller"/>
    <mvc:annotation-driven/>
    <mvc:resources mapping="/resources/**" location="/resources/"/>

    <!-- Factory bean that creates the Mongo instance -->
    <bean id="mongo" class="org.springframework.data.mongodb.core.MongoFactoryBean">
        <property name="host" value="localhost"/>
    </bean>

    <!-- MongoTemplate for connecting and quering the documents in the database -->
    <bean id="mongoTemplate" class="org.springframework.data.mongodb.core.MongoTemplate">
        <constructor-arg name="mongo" ref="mongo"/>
        <constructor-arg name="databaseName" value="deviceManagement"/>
    </bean>


    <bean
            class="org.springframework.web.servlet.view.InternalResourceViewResolver">
        <property name="prefix">
            <value>/WEB-INF/jsp/</value>
        </property>
        <property name="suffix">
            <value>.jsp</value>
        </property>
    </bean>
</beans>
